insert into Utilisateur values ('sgidney0@typepad.com');
insert into Utilisateur values ('sbarlthrop1@netscape.com');
insert into Utilisateur values ('rwellsman2@google.com.au');
insert into Utilisateur values ('bsheards3@ezinearticles.com');
insert into Utilisateur values ('cfernanando4@newsvine.com');
insert into Utilisateur values ('hvasichev5@jiathis.com');
insert into Utilisateur values ('rgoshawk6@unicef.org');
insert into Utilisateur values ('lickovic7@ihg.com');
insert into Utilisateur values ('aeastgate8@google.co.uk');
insert into Utilisateur values ('aknoble9@reddit.com');
                                

insert into CLIENTP (mailC, nomC, prenomC, mdpasseC) values ('sgidney0@typepad.com', 'Gidney', 'Shelly', 'KyoAl1D');
insert into CLIENTP (mailC, nomC, prenomC, mdpasseC) values ('sbarlthrop1@netscape.com', 'Barlthrop', 'Spense', 'jJat6HZ6SE');
insert into CLIENTP (mailC, nomC, prenomC, mdpasseC) values ('rwellsman2@google.com.au', 'Wellsman', 'Reggis', 'J7qZ51p');
insert into CLIENTP (mailC, nomC, prenomC, mdpasseC) values ('bsheards3@ezinearticles.com', 'Sheards', 'Brinna', 'HcO4lmyaA');
insert into CLIENTP (mailC, nomC, prenomC, mdpasseC) values ('cfernanando4@newsvine.com', 'Fernanando', 'Carolina', '1Vs13Se2RXV');
insert into CLIENTP (mailC, nomC, prenomC, mdpasseC) values ('hvasichev5@jiathis.com', 'Vasichev', 'Hilarius', 'xzjAukwA');
insert into CLIENTP (mailC, nomC, prenomC, mdpasseC) values ('rgoshawk6@unicef.org', 'Goshawk', 'Reeva', 'fA8r0lK0Jgal');
insert into CLIENTP (mailC, nomC, prenomC, mdpasseC) values ('lickovic7@ihg.com', 'Ickovic', 'Lorrin', 'VtjKNJJ99W');
insert into CLIENTP (mailC, nomC, prenomC, mdpasseC) values ('aeastgate8@google.co.uk', 'Eastgate', 'Arnuad', 'xrNmYklQb354');


insert into Administrateur (mailA, nomA, prenomA, mdpasseA) values ('aknoble9@reddit.com', 'Knoble', 'Aubree', 'YAkib8bs6L');


insert into ADRESSE values (1,'6 bis rue du vieux temple 38000 Grenoble', 'sgidney0@typepad.com');
insert into ADRESSE values (2,'1220 rue des residences 38400 Saint Martin Dheres', 'sbarlthrop1@netscape.com');
insert into ADRESSE values (3,'2 rue jules ferry 38100 Grenoble', 'rwellsman2@google.com.au');
insert into ADRESSE values (4,'5 rue Lieutnant Chabal 38100 Grenoble', 'bsheards3@ezinearticles.com');
insert into ADRESSE values (5,'1 rue Marcel Pagnol 38400 Saint Martin Dheres', 'cfernanando4@newsvine.com');
insert into ADRESSE values (6,'107 rue des tailles 38400 Saint Martin Dheres','hvasichev5@jiathis.com');
INSERT INTO ADRESSE VALUES(7,'108 rue des tailles 38400 Saint Martin Dheres','rgoshawk6@unicef.org');
INSERT INTO ADRESSE VALUES(8,'8 rue jules ferry 38100 Grenoble','lickovic7@ihg.com');
INSERT INTO ADRESSE VALUES(9,'5 rue Lieutnant Chabal 38100 Grenoble','aeastgate8@google.co.uk');


INSERT INTO Img VALUES('/pe/ll.png','sgidney0@typepad.com','1','oui','10-JAN-2019');
INSERT INTO Img VALUES('/yy/aa.png','sbarlthrop1@netscape.com','1','oui',sysdate);
INSERT INTO Img VALUES('/jj/bb.png','rwellsman2@google.com.au','7','non',sysdate);
INSERT INTO Img VALUES('/ad/cc.png','bsheards3@ezinearticles.com','4','non',sysdate);
INSERT INTO Img VALUES('/sr/dd.png','cfernanando4@newsvine.com','7','oui',sysdate);

insert into UtiliseImage values ('sgidney0@typepad.com','/pe/ll.png');





